<query>
	<name>Get Mikrotik RouterOS Queue Tree</name>
	<description>Queries a host for a list of Queue Trees</description>
	<oid_index>.1.3.6.1.4.1.14988.1.1.2.2.1</oid_index>
	<index_order>qtName</index_order>
	
	<fields>
		<qtName>
			<name>Name</name>
			<method>walk</method>
			<source>value</source>
			<direction>input</direction>
			<oid>.1.3.6.1.4.1.14988.1.1.2.2.1.2</oid>
		</qtName>
		<qtMark>
			<name>Packet Mark</name>
			<method>walk</method>
			<source>value</source>
			<direction>input</direction>
			<oid>.1.3.6.1.4.1.14988.1.1.2.2.1.3</oid>
		</qtMark>
		<qtParent>
			<name>Parent (16777201 &gt; Interface, 16777201 = Global In, 16777202 = Global Out, 16777203 = Global Total, 16777215 &lt; Queues)</name>
			<method>walk</method>
			<source>value</source>
			<direction>input</direction>
			<oid>.1.3.6.1.4.1.14988.1.1.2.2.1.4</oid>
		</qtParent>
		
		<qtBytes>
			<name>Bytes</name>
			<method>walk</method>
			<source>value</source>
			<direction>output</direction>
			<oid>.1.3.6.1.4.1.14988.1.1.2.2.1.5</oid>
		</qtBytes>
		<qtPackets>
			<name>Packets</name>
			<method>walk</method>
			<source>value</source>
			<direction>output</direction>
			<oid>.1.3.6.1.4.1.14988.1.1.2.2.1.6</oid>
		</qtPackets>
	</fields>
</query>
